<?xml version="1.0" encoding="UTF-8"?>

<channel name="xfce4-power-manager" version="1.0">
  <property name="xfce4-power-manager" type="empty">
    <property name="power-button-action" type="uint" value="0"/>
    <property name="lid-action-on-battery" type="empty"/>
    <property name="show-panel-label" type="empty"/>
    <property name="show-tray-icon" type="bool" value="false"/>
    <property name="brightness-switch-restore-on-exit" type="int" value="1"/>
    <property name="brightness-switch" type="int" value="0"/>
    <property name="inactivity-on-battery" type="uint" value="14"/>
  </property>
</channel>
