<?xml version="1.0" encoding="UTF-8"?>

<channel name="xfce4-panel" version="1.0">
  <property name="configver" type="empty"/>
  <property name="panels" type="array">
    <value type="int" value="2"/>
    <property name="panel-1" type="empty">
      <property name="position" type="empty"/>
      <property name="length" type="empty"/>
      <property name="position-locked" type="empty"/>
      <property name="size" type="empty"/>
      <property name="background-style" type="empty"/>
      <property name="background-alpha" type="empty"/>
      <property name="enter-opacity" type="empty"/>
      <property name="leave-opacity" type="empty"/>
      <property name="plugin-ids" type="empty"/>
    </property>
    <property name="dark-mode" type="bool" value="true"/>
    <property name="panel-2" type="empty">
      <property name="position" type="string" value="p=0;x=687;y=727"/>
      <property name="size" type="uint" value="40"/>
      <property name="length" type="double" value="59.370424597364568"/>
      <property name="plugin-ids" type="array">
        <value type="int" value="5"/>
        <value type="int" value="3"/>
        <value type="int" value="65"/>
        <value type="int" value="6"/>
        <value type="int" value="7"/>
        <value type="int" value="15"/>
        <value type="int" value="39"/>
        <value type="int" value="66"/>
        <value type="int" value="58"/>
        <value type="int" value="59"/>
        <value type="int" value="4"/>
        <value type="int" value="2"/>
        <value type="int" value="57"/>
      </property>
      <property name="length-adjust" type="bool" value="true"/>
      <property name="nrows" type="uint" value="1"/>
      <property name="position-locked" type="bool" value="true"/>
      <property name="disable-struts" type="bool" value="false"/>
      <property name="background-style" type="uint" value="0"/>
      <property name="autohide-behavior" type="uint" value="0"/>
      <property name="leave-opacity" type="uint" value="75"/>
    </property>
  </property>
  <property name="plugins" type="empty">
    <property name="plugin-1" type="empty"/>
    <property name="plugin-2" type="string" value="actions"/>
    <property name="plugin-3" type="empty">
      <property name="items" type="array">
        <value type="string" value="17147716981.desktop"/>
      </property>
    </property>
    <property name="plugin-4" type="string" value="xkb">
      <property name="items" type="empty"/>
      <property name="display-type" type="uint" value="2"/>
      <property name="display-name" type="uint" value="1"/>
    </property>
    <property name="plugin-5" type="string" value="whiskermenu">
      <property name="items" type="empty"/>
    </property>
    <property name="plugin-6" type="string" value="launcher">
      <property name="show-handle" type="empty"/>
      <property name="middle-click" type="empty"/>
      <property name="items" type="array">
        <value type="string" value="17147672931.desktop"/>
      </property>
    </property>
    <property name="plugin-7" type="string" value="launcher">
      <property name="expand" type="empty"/>
      <property name="style" type="empty"/>
      <property name="items" type="array">
        <value type="string" value="17147673122.desktop"/>
      </property>
    </property>
    <property name="plugin-8" type="empty">
      <property name="names-visible" type="empty"/>
      <property name="show-frame" type="empty"/>
    </property>
    <property name="plugin-9" type="empty"/>
    <property name="plugin-10" type="empty"/>
    <property name="plugin-11" type="empty"/>
    <property name="plugin-12" type="empty">
      <property name="enable-keyboard-shortcuts" type="empty"/>
      <property name="enable-mpris" type="empty"/>
      <property name="mixer-command" type="empty"/>
      <property name="show-notifications" type="empty"/>
    </property>
    <property name="plugin-13" type="empty">
      <property name="digital-time-format" type="empty"/>
      <property name="digital-layout" type="empty"/>
      <property name="digital-date-font" type="empty"/>
      <property name="digital-time-font" type="empty"/>
    </property>
    <property name="plugin-14" type="empty"/>
    <property name="plugin-15" type="string" value="launcher">
      <property name="items" type="array">
        <value type="string" value="17147673873.desktop"/>
      </property>
    </property>
    <property name="plugin-39" type="string" value="separator">
      <property name="style" type="uint" value="0"/>
      <property name="expand" type="bool" value="true"/>
    </property>
    <property name="plugin-57" type="string" value="clock"/>
    <property name="plugin-58" type="string" value="notification-plugin"/>
    <property name="plugin-59" type="string" value="pulseaudio">
      <property name="enable-keyboard-shortcuts" type="bool" value="true"/>
      <property name="mpris-players" type="string" value="brave.instance2"/>
    </property>
    <property name="plugin-65" type="string" value="showdesktop"/>
    <property name="plugin-66" type="string" value="systray">
      <property name="known-legacy-items" type="array">
        <value type="string" value="mintupdate.py"/>
        <value type="string" value="networkmanager applet"/>
        <value type="string" value="tray.py"/>
      </property>
      <property name="known-items" type="array">
        <value type="string" value="blueman"/>
      </property>
    </property>
  </property>
</channel>
